{"file_hashes":[{"block_hashes":["6PzG7jDXcs72cJP76DFS3hHHqK/Yn1CFGoN9abMvirE="],"block_size":4096,"path":"ab20.png"},{"block_hashes":["8LXek8OzdYQGGf3dj+IgyaoJ4Vu2s1OaMbGhzZE/3hU=","YN4mDJU7TRTMy/gRH4Boilo2sNM0EIm+QyA4+NPz83U=","s1G2h4RLRo+MJDyVQ3sE+bP2Q/BNeWsT5Xa2ekBF0y8=","6u/JzWLDr/8icvs13kxPjGwXjDED3D9AenxCrOjKOL0=","sR1O5SY6Pq7XN+mPwmL9dYPMmuMusgXTQvG4XJGPlY8="],"block_size":4096,"path":"background.js"},{"block_hashes":["CS25BsewNlr+qrENAF31E9/DgRDPqTq2j+ZkrmMng4E="],"block_size":4096,"path":"flg.txt"},{"block_hashes":["pzr3kuNZ+PBYocuQj4KfkhE9XTs0r9XeSyHVpfoT/uo="],"block_size":4096,"path":"icon_nodict.png"},{"block_hashes":["ZZ1rjjvNCee/231IhJvx4qZM1EUT1tPTxLPG9/Li8lA=","KhMRXLvbup2C2cwbxvxfIDbhVIe06vmKQDkujqrMqqc="],"block_size":4096,"path":"logo.png"},{"block_hashes":["cQFEWoaJ3n+AQ1yGJeKojHs4Ttf/N1zzr+o8otU3u2A=","jarnaZ2jFJ+GU4l1DrUljAVPMFaAyW45WsNS2lqQhiw=","QCRb2RR09lalNizEmBxS+l3o5dJglTNNVyW5F79ZlIo=","0TFB/ieTl+31CfmL+mu74r+eY8Cmo+ih5uC3XVfx9Mc=","OXL3cKV02q3lwg5V3Eoaey2YVuk0dMuxpXjK3mxyz/o=","qb/A//KnUR4Mp0QFdj7QmzcAPvIfzmwGYALGs8W0GNc=","35jvS/RdKFJpmM8BPwrrekbSg0VRGWx8cimeMqOVBsA="],"block_size":4096,"path":"lookup.js"},{"block_hashes":["zivWkPeu5rVD3XNBUnObkxhD4DScyp24Qq+5i2kCtUI="],"block_size":4096,"path":"options.html"},{"block_hashes":["6+ukd+jb2PxHtNaLojeqf8oz39KvMg1uviys4Hm6U8A=","R/Yj0AiisQfJKWwzhVEv4mumFnaSxgBLMs4FLkllcho=","e2bFkqy9OiO7KqnftcJNfEEGaE4vDObTunKrC99HBJU="],"block_size":4096,"path":"options.js"},{"block_hashes":["U+NdPG9w6Fxaqw0btbWaNfDiConIx2BOREGxbIURH9s=","hNNN9fpvrkKDWM1ZbaZCNpMYtJYYJ+aI6wVH5WYigzE="],"block_size":4096,"path":"rlog.v1.js"},{"block_hashes":["r6KlTLdfwxrD2LX7zlfJjImqY/cite0YIYM3+zEWQ5c="],"block_size":4096,"path":"speech.js"},{"block_hashes":["dOTfcEUQtUvQjlmTuSMIBNxeUHhvshOaKSTyISwXCAY="],"block_size":4096,"path":"speech.png"},{"block_hashes":["4WllngkeNCyknb8ZHzveNIGsONwZppWpu1PlIe7GOv0="],"block_size":4096,"path":"ydd-sprite.png"},{"block_hashes":["oWiVorhlYfoeGlMA9jl5gGS7T5EOi3S55LezhiedLX0=","fVdRGnMO126RdQG0QDSF3TD9DuN07ESEiOIevh4667k=","zTbFsvMVHSQHjtyopjS978euQfAZQXjaXdFQlOWRMPA=","XxGyRESkRiMdSnpe627dGDil3Cv5O0GMgxJxZdlG+Zg=","VJ4vXcV4Is5O1weilO4HLdTpLMRyHiopNTyJC5GHgc0=","To4FceJ0rPqTyQ3CTCJLAhAMT8NTQe2BjXf3TB53ppI=","RX19aRgUM/yraN/tCqwvmBFZKn+i+IP35Y7OL7MrJaM=","4mYErBUyV2sIcZzmVvKFrGo6RpPOOmwqtPrTCEXhukI="],"block_size":4096,"path":"youdaoskin.jpg"}],"version":2}